temperature,humidity,ph,water availability,season,label
21,82,6.5,202.9,rainy,rice
22,80,7.0,226.7,rainy,rice
23,82,7.8,264.0,rainy,rice
26,80,7.0,242.9,rainy,rice
20,82,7.6,262.7,rainy,rice
23,83,7.1,251.1,rainy,rice
23,83,5.7,271.3,rainy,rice
20,83,5.7,242.0,rainy,rice
25,84,6.7,230.4,rainy,rice
23,83,6.3,221.2,rainy,rice
27,81,5.4,264.6,rainy,rice
24,81,7.5,250.1,rainy,rice
27,81,5.1,284.4,rainy,rice
24,82,7.0,185.3,rainy,rice
26,81,6.9,209.6,rainy,rice
24,80,7.0,231.1,rainy,rice
22,83,6.2,276.7,rainy,rice
24,80,7.0,206.3,rainy,rice
22,80,6.0,224.6,rainy,rice
24,84,5.9,291.3,rainy,rice
21,80,6.4,185.5,rainy,rice
25,83,5.1,231.4,rainy,rice
22,81,6.0,213.4,rainy,rice
21,83,6.3,233.1,rainy,rice
23,81,7.4,224.1,rainy,rice
25,81,7.8,257.0,rainy,rice
26,84,6.3,271.4,rainy,rice
25,81,7.1,260.3,rainy,rice
21,84,6.2,240.1,rainy,rice
22,81,6.0,198.0,rainy,rice
21,85,5.8,272.2,rainy,rice
22,80,6.4,200.1,rainy,rice
25,83,6.4,224.7,rainy,rice
20,82,5.0,270.4,rainy,rice
26,84,6.1,233.1,rainy,rice
27,82,6.0,193.3,rainy,rice
27,81,6.0,272.3,rainy,rice
24,83,5.6,285.2,rainy,rice
21,83,7.4,298.4,rainy,rice
24,84,5.6,257.0,rainy,rice
23,82,6.4,248.7,rainy,rice
26,84,5.5,209.9,rainy,rice
26,80,6.9,200.8,rainy,rice
24,85,6.3,298.6,rainy,rice
26,82,7.2,265.5,rainy,rice
25,81,6.1,183.7,rainy,rice
25,84,5.2,197.0,rainy,rice
23,85,7.8,233.0,rainy,rice
22,81,7.1,210.8,rainy,rice
25,80,7.7,253.7,rainy,rice
23,83,5.3,219.9,rainy,rice
20,80,6.8,208.6,rainy,rice
24,82,7.4,195.1,rainy,rice
22,82,5.7,227.4,rainy,rice
26,84,5.5,286.5,rainy,rice
23,85,6.2,283.9,rainy,rice
26,83,7.1,217.4,rainy,rice
24,82,6.0,268.0,rainy,rice
20,82,7.2,192.0,rainy,rice
22,80,6.5,278.0,rainy,rice
20,82,7.6,245.2,rainy,rice
26,84,5.9,245.7,rainy,rice
21,84,6.9,279.5,rainy,rice
22,81,6.9,202.4,rainy,rice
20,83,5.7,263.6,rainy,rice
24,83,6.7,182.6,rainy,rice
21,80,5.6,198.7,rainy,rice
26,82,6.9,243.5,rainy,rice
24,80,5.0,263.1,rainy,rice
23,81,6.4,269.5,rainy,rice
25,84,6.9,204.8,rainy,rice
23,82,7.3,260.9,rainy,rice
25,83,6.6,295.6,rainy,rice
21,83,7.3,192.3,rainy,rice
26,85,7.0,257.5,rainy,rice
22,82,6.9,278.1,rainy,rice
27,82,7.9,280.4,rainy,rice
25,82,5.0,185.9,rainy,rice
27,81,6.1,194.6,rainy,rice
23,84,7.5,200.9,rainy,rice
26,80,5.7,182.9,rainy,rice
25,83,5.8,195.4,rainy,rice
26,81,6.3,223.4,rainy,rice
26,85,6.0,186.8,rainy,rice
25,81,5.5,220.1,rainy,rice
22,83,6.4,231.7,rainy,rice
23,81,5.1,242.3,rainy,rice
25,81,5.9,182.7,rainy,rice
24,81,5.2,233.7,rainy,rice
21,84,6.5,230.2,rainy,rice
27,82,7.1,290.7,rainy,rice
24,84,7.5,241.2,rainy,rice
27,80,6.2,218.9,rainy,rice
26,84,7.5,248.2,rainy,rice
23,83,6.0,257.0,rainy,rice
23,83,6.6,194.3,rainy,rice
22,82,6.5,295.9,rainy,rice
21,83,5.9,287.6,rainy,rice
27,85,7.1,183.6,rainy,rice
23,84,5.3,188.4,rainy,rice
23,64,5.7,87.8,rainy,maize
26,72,6.9,102.3,rainy,maize
24,72,6.7,66.7,rainy,maize
20,58,6.6,60.7,rainy,maize
18,63,6.0,65.4,rainy,maize
22,58,6.2,102.1,rainy,maize
26,67,6.0,105.5,rainy,maize
25,67,5.9,78.1,rainy,maize
20,63,5.9,65.3,rainy,maize
25,67,5.8,109.2,rainy,maize
23,73,5.9,94.3,rainy,maize
25,68,6.5,74.1,rainy,maize
22,59,7.0,63.9,rainy,maize
19,66,6.1,94.8,rainy,maize
25,60,5.9,72.1,rainy,maize
18,55,6.2,63.7,rainy,maize
25,70,6.6,104.2,rainy,maize
25,65,6.0,76.7,rainy,maize
23,60,6.0,65.5,rainy,maize
18,63,6.3,84.2,rainy,maize
25,74,6.6,79.7,rainy,maize
18,71,5.6,88.1,rainy,maize
18,67,6.8,81.0,rainy,maize
19,59,5.7,79.8,rainy,maize
26,67,5.5,74.5,rainy,maize
25,68,6.6,96.5,rainy,maize
24,57,5.9,102.8,rainy,maize
22,72,5.9,102.5,rainy,maize
23,63,5.6,70.4,rainy,maize
26,63,6.6,108.8,rainy,maize
21,63,6.2,65.9,rainy,maize
19,56,6.6,91.0,rainy,maize
23,68,6.5,64.4,rainy,maize
23,62,5.7,63.0,rainy,maize
25,66,6.6,87.9,rainy,maize
26,74,6.5,107.5,rainy,maize
19,62,5.7,61.0,rainy,maize
22,60,6.8,109.8,rainy,maize
24,75,6.3,91.8,rainy,maize
19,75,6.1,94.3,rainy,maize
24,73,6.2,71.1,rainy,maize
25,70,5.7,76.7,rainy,maize
22,60,6.4,69.2,rainy,maize
25,57,6.0,101.7,rainy,maize
22,73,6.8,106.6,rainy,maize
21,69,6.5,66.3,rainy,maize
25,69,6.3,91.3,rainy,maize
20,56,6.7,109.0,rainy,maize
26,62,6.3,99.6,rainy,maize
19,65,6.8,71.3,rainy,maize
21,65,6.7,78.3,rainy,maize
25,57,6.6,88.5,rainy,maize
20,64,6.4,62.5,rainy,maize
18,64,6.5,76.4,rainy,maize
23,62,5.9,107.3,rainy,maize
20,61,5.7,100.8,rainy,maize
22,62,5.9,107.3,rainy,maize
23,57,5.8,101.6,rainy,maize
19,69,6.7,80.7,rainy,maize
22,65,6.3,83.7,rainy,maize
24,59,5.7,90.0,rainy,maize
19,69,5.8,88.1,rainy,maize
24,61,5.6,64.8,rainy,maize
27,73,5.8,73.3,rainy,maize
19,70,5.8,83.2,rainy,maize
21,59,6.9,103.7,rainy,maize
19,68,6.2,84.2,rainy,maize
25,74,6.6,96.6,rainy,maize
22,60,5.8,68.0,rainy,maize
26,61,7.0,83.2,rainy,maize
19,68,6.1,87.9,rainy,maize
22,60,6.7,95.7,rainy,maize
21,59,5.6,67.6,rainy,maize
23,74,5.9,97.6,rainy,maize
24,56,7.0,64.2,rainy,maize
25,66,5.7,75.8,rainy,maize
23,66,6.8,88.2,rainy,maize
18,61,5.5,104.2,rainy,maize
23,72,5.8,67.1,rainy,maize
23,72,6.4,67.7,rainy,maize
26,69,6.8,103.2,rainy,maize
26,66,6.7,107.2,rainy,maize
19,62,6.1,75.0,rainy,maize
25,56,5.8,78.2,rainy,maize
23,59,6.5,105.0,rainy,maize
25,66,6.5,62.5,rainy,maize
25,73,6.6,107.9,rainy,maize
25,63,6.3,74.5,rainy,maize
25,68,6.5,62.9,rainy,maize
19,72,5.7,69.9,rainy,maize
20,64,6.6,108.5,rainy,maize
18,73,6.4,79.0,rainy,maize
26,72,6.2,79.8,rainy,maize
19,61,6.7,93.6,rainy,maize
26,59,6.2,85.8,rainy,maize
19,73,6.2,82.3,rainy,maize
23,63,6.4,108.8,rainy,maize
19,62,6.4,70.2,rainy,maize
20,60,6.4,65.5,rainy,maize
26,71,6.9,98.7,rainy,maize
17,17,7.5,88.6,winter,chickpea
19,17,6.9,79.9,winter,chickpea
18,15,6.0,68.5,winter,chickpea
19,16,6.4,88.5,winter,chickpea
18,20,7.2,79.3,winter,chickpea
20,15,6.0,92.7,winter,chickpea
21,17,6.2,74.7,winter,chickpea
17,19,7.6,82.6,winter,chickpea
18,19,7.0,81.8,winter,chickpea
18,18,8.8,82.0,winter,chickpea
21,19,8.7,93.6,winter,chickpea
19,15,8.0,74.6,winter,chickpea
20,15,6.5,79.0,winter,chickpea
19,20,8.5,80.7,winter,chickpea
18,15,6.6,70.2,winter,chickpea
19,19,6.5,71.6,winter,chickpea
21,20,8.0,73.5,winter,chickpea
20,16,8.1,82.5,winter,chickpea
17,16,7.2,67.0,winter,chickpea
21,14,6.5,90.5,winter,chickpea
17,16,7.5,71.3,winter,chickpea
20,15,7.7,85.7,winter,chickpea
18,15,8.5,89.3,winter,chickpea
19,18,6.6,85.5,winter,chickpea
19,19,8.1,72.9,winter,chickpea
17,14,6.2,72.3,winter,chickpea
18,17,6.1,74.9,winter,chickpea
19,19,7.7,94.7,winter,chickpea
17,17,7.8,83.7,winter,chickpea
17,18,6.8,78.9,winter,chickpea
21,14,6.7,83.8,winter,chickpea
17,16,6.1,76.6,winter,chickpea
20,19,8.8,91.8,winter,chickpea
18,19,8.6,76.3,winter,chickpea
19,16,8.2,89.7,winter,chickpea
17,17,6.2,93.4,winter,chickpea
19,18,8.0,81.2,winter,chickpea
19,16,7.9,81.7,winter,chickpea
18,20,7.0,83.7,winter,chickpea
19,15,6.2,77.5,winter,chickpea
19,18,8.9,77.9,winter,chickpea
20,17,8.8,82.3,winter,chickpea
18,17,8.7,70.5,winter,chickpea
17,17,8.1,72.8,winter,chickpea
19,16,6.1,85.2,winter,chickpea
18,14,7.5,85.4,winter,chickpea
19,18,8.4,75.6,winter,chickpea
19,15,6.3,89.6,winter,chickpea
19,17,6.6,75.5,winter,chickpea
17,17,6.9,86.1,winter,chickpea
19,19,7.8,80.3,winter,chickpea
20,20,7.2,78.3,winter,chickpea
17,15,6.6,75.6,winter,chickpea
18,15,7.8,72.9,winter,chickpea
18,15,6.4,90.8,winter,chickpea
18,17,8.3,77.8,winter,chickpea
21,19,6.5,78.1,winter,chickpea
20,18,6.6,85.6,winter,chickpea
19,18,8.2,69.4,winter,chickpea
19,16,7.6,76.3,winter,chickpea
18,17,6.5,80.6,winter,chickpea
19,15,7.1,80.1,winter,chickpea
18,15,7.4,91.9,winter,chickpea
19,17,6.5,87.5,winter,chickpea
17,19,7.8,94.0,winter,chickpea
20,19,7.1,88.5,winter,chickpea
21,20,7.6,84.8,winter,chickpea
20,17,6.7,69.0,winter,chickpea
20,14,6.8,88.7,winter,chickpea
21,16,8.0,65.2,winter,chickpea
19,14,7.5,65.8,winter,chickpea
18,16,7.7,74.6,winter,chickpea
19,16,7.4,82.7,winter,chickpea
20,20,7.3,69.6,winter,chickpea
17,18,7.8,87.3,winter,chickpea
17,18,6.3,70.9,winter,chickpea
21,14,6.4,92.1,winter,chickpea
21,18,7.6,79.2,winter,chickpea
19,19,7.2,68.8,winter,chickpea
17,16,7.6,72.9,winter,chickpea
17,16,7.5,79.5,winter,chickpea
17,15,6.6,65.1,winter,chickpea
19,17,7.5,80.5,winter,chickpea
20,18,7.3,73.6,winter,chickpea
19,16,6.5,81.5,winter,chickpea
20,15,7.8,88.7,winter,chickpea
19,17,6.4,68.5,winter,chickpea
19,18,8.4,78.4,winter,chickpea
20,16,8.7,77.3,winter,chickpea
19,15,7.8,94.8,winter,chickpea
21,20,6.3,94.0,winter,chickpea
19,16,7.1,78.7,winter,chickpea
20,16,8.1,69.2,winter,chickpea
18,18,7.7,90.8,winter,chickpea
21,15,7.1,76.8,winter,chickpea
17,19,8.9,68.0,winter,chickpea
17,14,7.9,73.1,winter,chickpea
19,20,7.5,69.1,winter,chickpea
19,15,7.2,89.6,winter,chickpea
18,15,7.3,81.8,winter,chickpea
17,21,5.7,128.3,spring,kidneybeans
20,19,5.8,106.4,spring,kidneybeans
23,21,5.9,109.2,spring,kidneybeans
16,24,5.9,140.4,spring,kidneybeans
22,23,6.0,76.6,spring,kidneybeans
18,19,5.9,143.1,spring,kidneybeans
20,20,5.8,60.9,spring,kidneybeans
19,23,5.6,104.8,spring,kidneybeans
18,23,5.7,133.0,spring,kidneybeans
22,23,5.8,130.1,spring,kidneybeans
20,18,5.7,143.8,spring,kidneybeans
17,20,5.6,88.0,spring,kidneybeans
20,19,5.8,144.2,spring,kidneybeans
22,21,5.9,134.4,spring,kidneybeans
16,19,6.0,88.1,spring,kidneybeans
21,24,5.8,69.6,spring,kidneybeans
21,20,5.9,116.5,spring,kidneybeans
19,21,5.8,86.2,spring,kidneybeans
21,20,5.7,137.2,spring,kidneybeans
23,22,5.8,108.4,spring,kidneybeans
21,23,6.0,67.7,spring,kidneybeans
18,18,5.6,144.8,spring,kidneybeans
18,21,5.5,69.4,spring,kidneybeans
17,19,6.0,121.9,spring,kidneybeans
20,21,5.7,82.7,spring,kidneybeans
20,23,5.9,139.8,spring,kidneybeans
16,19,6.0,108.3,spring,kidneybeans
17,19,5.6,96.8,spring,kidneybeans
18,18,5.6,100.7,spring,kidneybeans
19,24,5.7,87.1,spring,kidneybeans
25,21,5.7,64.2,spring,kidneybeans
19,25,5.7,105.4,spring,kidneybeans
22,20,5.8,61.1,spring,kidneybeans
20,24,5.8,106.2,spring,kidneybeans
15,18,5.6,139.0,spring,kidneybeans
23,22,5.9,122.4,spring,kidneybeans
22,25,5.9,129.6,spring,kidneybeans
21,18,5.8,120.5,spring,kidneybeans
16,21,5.5,95.2,spring,kidneybeans
20,20,5.8,96.7,spring,kidneybeans
21,20,5.7,87.9,spring,kidneybeans
20,25,5.5,138.2,spring,kidneybeans
22,24,6.0,120.7,spring,kidneybeans
16,24,5.7,107.4,spring,kidneybeans
20,21,5.8,108.6,spring,kidneybeans
21,19,5.6,109.0,spring,kidneybeans
23,23,5.6,95.8,spring,kidneybeans
24,21,5.8,60.3,spring,kidneybeans
20,25,5.7,100.0,spring,kidneybeans
22,19,5.9,125.1,spring,kidneybeans
20,25,6.0,113.3,spring,kidneybeans
17,20,5.5,103.3,spring,kidneybeans
17,25,5.6,75.5,spring,kidneybeans
25,23,5.6,62.2,spring,kidneybeans
17,20,5.6,98.8,spring,kidneybeans
18,19,5.5,107.7,spring,kidneybeans
23,22,5.9,63.4,spring,kidneybeans
23,22,5.7,87.7,spring,kidneybeans
18,19,5.7,138.4,spring,kidneybeans
19,21,5.5,95.0,spring,kidneybeans
23,24,5.9,107.7,spring,kidneybeans
20,23,5.6,104.6,spring,kidneybeans
21,23,5.6,141.6,spring,kidneybeans
25,18,5.6,62.7,spring,kidneybeans
15,25,5.6,135.3,spring,kidneybeans
19,21,5.9,125.1,spring,kidneybeans
23,23,5.9,107.4,spring,kidneybeans
23,19,5.7,63.6,spring,kidneybeans
25,22,5.7,146.5,spring,kidneybeans
24,24,5.9,119.6,spring,kidneybeans
22,20,5.8,126.7,spring,kidneybeans
19,20,6.0,134.2,spring,kidneybeans
19,23,5.5,135.3,spring,kidneybeans
23,19,5.7,100.1,spring,kidneybeans
19,24,5.7,68.5,spring,kidneybeans
16,21,5.6,67.0,spring,kidneybeans
18,25,5.9,69.1,spring,kidneybeans
15,21,5.8,88.9,spring,kidneybeans
17,24,5.9,81.8,spring,kidneybeans
21,18,5.9,109.1,spring,kidneybeans
24,21,5.7,81.6,spring,kidneybeans
24,23,5.9,112.7,spring,kidneybeans
23,21,5.9,143.9,spring,kidneybeans
21,23,5.8,146.5,spring,kidneybeans
24,19,5.8,116.7,spring,kidneybeans
25,18,5.5,149.7,spring,kidneybeans
21,25,5.7,124.6,spring,kidneybeans
17,20,5.9,115.2,spring,kidneybeans
24,25,5.6,84.6,spring,kidneybeans
19,24,5.6,129.3,spring,kidneybeans
16,22,6.0,130.4,spring,kidneybeans
19,21,5.7,80.2,spring,kidneybeans
20,22,6.0,64.0,spring,kidneybeans
20,25,5.7,139.3,spring,kidneybeans
18,24,5.7,76.1,spring,kidneybeans
20,23,5.6,73.4,spring,kidneybeans
24,22,5.5,100.6,spring,kidneybeans
20,25,5.8,84.1,spring,kidneybeans
21,21,5.6,133.2,spring,kidneybeans
19,20,5.6,104.3,spring,kidneybeans
37,58,6.0,122.7,rainy,pigeonpeas
37,63,5.3,163.7,rainy,pigeonpeas
29,59,6.0,103.3,rainy,pigeonpeas
27,43,6.1,142.3,rainy,pigeonpeas
21,55,5.6,184.6,rainy,pigeonpeas
30,42,6.4,149.3,rainy,pigeonpeas
32,45,5.6,147.0,rainy,pigeonpeas
33,38,5.9,198.8,rainy,pigeonpeas
29,63,5.8,90.1,rainy,pigeonpeas
30,67,4.7,127.8,rainy,pigeonpeas
35,69,5.3,108.6,rainy,pigeonpeas
34,40,7.4,176.6,rainy,pigeonpeas
29,49,5.8,96.4,rainy,pigeonpeas
31,57,7.3,122.0,rainy,pigeonpeas
29,57,6.3,120.7,rainy,pigeonpeas
27,34,4.7,96.5,rainy,pigeonpeas
21,39,5.0,180.4,rainy,pigeonpeas
18,35,5.0,107.5,rainy,pigeonpeas
37,38,5.6,161.5,rainy,pigeonpeas
25,40,5.6,121.6,rainy,pigeonpeas
19,56,4.7,194.6,rainy,pigeonpeas
29,50,5.7,179.2,rainy,pigeonpeas
20,47,6.4,192.4,rainy,pigeonpeas
25,51,6.0,114.3,rainy,pigeonpeas
18,38,4.9,139.6,rainy,pigeonpeas
19,45,5.5,132.8,rainy,pigeonpeas
28,49,5.9,186.5,rainy,pigeonpeas
30,34,5.7,157.1,rainy,pigeonpeas
33,35,4.5,139.7,rainy,pigeonpeas
24,47,6.7,177.3,rainy,pigeonpeas
27,42,4.8,94.5,rainy,pigeonpeas
31,58,4.9,161.8,rainy,pigeonpeas
33,67,5.3,108.5,rainy,pigeonpeas
23,46,7.1,150.9,rainy,pigeonpeas
35,39,5.6,168.6,rainy,pigeonpeas
20,35,5.6,197.4,rainy,pigeonpeas
29,38,4.7,91.7,rainy,pigeonpeas
31,32,7.2,180.7,rainy,pigeonpeas
18,37,6.6,93.1,rainy,pigeonpeas
35,31,5.0,116.9,rainy,pigeonpeas
35,30,6.3,159.3,rainy,pigeonpeas
30,36,6.2,187.9,rainy,pigeonpeas
35,48,5.9,129.0,rainy,pigeonpeas
28,52,6.0,147.0,rainy,pigeonpeas
18,35,4.7,163.3,rainy,pigeonpeas
31,47,7.1,91.3,rainy,pigeonpeas
21,46,6.2,195.6,rainy,pigeonpeas
31,53,7.1,171.0,rainy,pigeonpeas
28,66,4.7,145.4,rainy,pigeonpeas
36,37,6.4,136.0,rainy,pigeonpeas
20,57,4.8,173.2,rainy,pigeonpeas
20,32,4.6,176.4,rainy,pigeonpeas
31,56,5.6,129.2,rainy,pigeonpeas
34,46,7.3,126.7,rainy,pigeonpeas
25,45,5.0,188.5,rainy,pigeonpeas
36,32,5.6,191.1,rainy,pigeonpeas
31,35,5.4,162.6,rainy,pigeonpeas
26,50,5.9,160.3,rainy,pigeonpeas
31,36,6.6,100.5,rainy,pigeonpeas
33,32,4.8,105.0,rainy,pigeonpeas
24,51,4.8,192.3,rainy,pigeonpeas
35,39,5.2,148.3,rainy,pigeonpeas
28,45,4.9,197.1,rainy,pigeonpeas
25,57,6.4,118.4,rainy,pigeonpeas
34,48,7.1,100.5,rainy,pigeonpeas
21,61,6.7,191.1,rainy,pigeonpeas
20,59,6.0,195.8,rainy,pigeonpeas
29,62,5.5,182.3,rainy,pigeonpeas
36,44,4.8,159.9,rainy,pigeonpeas
24,47,7.3,141.1,rainy,pigeonpeas
26,41,4.8,100.8,rainy,pigeonpeas
31,67,6.2,175.9,rainy,pigeonpeas
19,61,5.0,139.9,rainy,pigeonpeas
30,63,5.6,189.5,rainy,pigeonpeas
20,39,4.7,137.2,rainy,pigeonpeas
36,56,7.3,134.9,rainy,pigeonpeas
31,35,5.7,174.6,rainy,pigeonpeas
36,56,4.7,101.6,rainy,pigeonpeas
29,67,6.5,153.3,rainy,pigeonpeas
31,35,5.4,177.6,rainy,pigeonpeas
25,60,5.9,92.0,rainy,pigeonpeas
23,37,7.0,162.6,rainy,pigeonpeas
19,33,6.1,155.4,rainy,pigeonpeas
29,46,6.4,165.4,rainy,pigeonpeas
35,54,4.8,180.9,rainy,pigeonpeas
22,56,7.0,136.8,rainy,pigeonpeas
23,60,4.6,159.7,rainy,pigeonpeas
31,35,7.0,178.9,rainy,pigeonpeas
31,48,7.1,165.4,rainy,pigeonpeas
26,41,5.2,109.2,rainy,pigeonpeas
21,70,5.1,185.2,rainy,pigeonpeas
19,48,5.4,149.1,rainy,pigeonpeas
19,51,5.7,180.6,rainy,pigeonpeas
22,63,5.7,96.7,rainy,pigeonpeas
37,58,6.1,124.6,rainy,pigeonpeas
30,66,6.9,198.1,rainy,pigeonpeas
29,45,6.8,172.4,rainy,pigeonpeas
30,43,6.9,186.9,rainy,pigeonpeas
20,66,6.2,173.1,rainy,pigeonpeas
20,49,4.6,122.5,rainy,pigeonpeas
28,65,3.7,32.7,summer,mothbeans
27,51,4.4,36.5,summer,mothbeans
29,59,8.4,36.9,summer,mothbeans
29,61,8.8,73.0,summer,mothbeans
28,55,8.2,32.1,summer,mothbeans
32,54,5.3,71.6,summer,mothbeans
27,55,8.1,73.4,summer,mothbeans
29,54,9.7,66.4,summer,mothbeans
28,59,7.0,36.9,summer,mothbeans
29,56,7.4,61.3,summer,mothbeans
31,46,6.7,53.6,summer,mothbeans
26,45,7.9,67.4,summer,mothbeans
32,57,5.9,44.9,summer,mothbeans
24,59,8.2,35.0,summer,mothbeans
31,52,9.0,74.4,summer,mothbeans
26,51,5.9,53.4,summer,mothbeans
30,47,7.7,68.0,summer,mothbeans
28,44,4.5,45.8,summer,mothbeans
26,45,9.9,74.3,summer,mothbeans
31,44,6.5,32.8,summer,mothbeans
26,56,8.0,35.1,summer,mothbeans
28,62,3.7,72.7,summer,mothbeans
27,49,5.5,48.3,summer,mothbeans
25,55,9.3,40.9,summer,mothbeans
27,52,6.0,32.6,summer,mothbeans
25,50,7.4,31.9,summer,mothbeans
31,46,3.8,53.1,summer,mothbeans
31,58,5.8,62.7,summer,mothbeans
25,53,4.5,46.2,summer,mothbeans
27,44,3.5,41.5,summer,mothbeans
24,56,6.0,59.0,summer,mothbeans
30,46,5.5,41.1,summer,mothbeans
28,61,4.6,33.8,summer,mothbeans
26,40,5.5,55.5,summer,mothbeans
29,57,8.3,57.0,summer,mothbeans
29,44,3.8,44.1,summer,mothbeans
24,60,8.9,42.2,summer,mothbeans
29,45,3.8,66.2,summer,mothbeans
26,65,4.2,72.2,summer,mothbeans
31,41,7.7,55.1,summer,mothbeans
26,62,9.4,65.1,summer,mothbeans
25,51,4.5,38.5,summer,mothbeans
27,64,5.8,62.2,summer,mothbeans
31,45,7.4,70.8,summer,mothbeans
26,56,6.0,64.2,summer,mothbeans
30,64,8.6,31.8,summer,mothbeans
28,55,9.5,50.3,summer,mothbeans
31,43,8.0,58.3,summer,mothbeans
26,47,5.4,37.0,summer,mothbeans
32,57,6.3,64.3,summer,mothbeans
25,47,9.2,55.6,summer,mothbeans
26,57,7.9,48.5,summer,mothbeans
29,63,8.2,70.5,summer,mothbeans
29,61,9.1,34.0,summer,mothbeans
29,61,7.7,68.5,summer,mothbeans
25,44,5.9,52.1,summer,mothbeans
25,59,6.2,57.0,summer,mothbeans
31,62,3.5,63.8,summer,mothbeans
27,52,7.4,60.7,summer,mothbeans
27,42,8.3,71.1,summer,mothbeans
29,57,8.7,64.5,summer,mothbeans
29,50,3.6,40.9,summer,mothbeans
28,45,6.0,69.7,summer,mothbeans
30,62,9.4,61.9,summer,mothbeans
31,51,8.2,64.6,summer,mothbeans
27,42,5.1,44.1,summer,mothbeans
26,61,6.3,35.7,summer,mothbeans
29,44,8.0,34.0,summer,mothbeans
29,43,8.9,71.9,summer,mothbeans
29,58,6.9,38.3,summer,mothbeans
24,58,5.2,59.2,summer,mothbeans
27,60,7.6,36.9,summer,mothbeans
28,54,8.7,52.1,summer,mothbeans
29,53,7.8,55.2,summer,mothbeans
29,61,8.1,40.8,summer,mothbeans
28,53,4.4,36.0,summer,mothbeans
27,49,6.0,34.7,summer,mothbeans
31,41,8.5,53.8,summer,mothbeans
24,61,7.2,46.0,summer,mothbeans
30,50,4.9,52.9,summer,mothbeans
30,55,4.6,45.4,summer,mothbeans
31,42,5.0,68.8,summer,mothbeans
27,48,3.5,43.9,summer,mothbeans
31,63,8.9,64.6,summer,mothbeans
31,46,9.4,38.3,summer,mothbeans
30,63,5.8,50.2,summer,mothbeans
30,57,8.4,44.9,summer,mothbeans
31,53,8.6,55.5,summer,mothbeans
30,60,7.7,35.4,summer,mothbeans
30,55,5.3,30.9,summer,mothbeans
25,63,9.1,32.7,summer,mothbeans
31,60,4.6,33.5,summer,mothbeans
30,41,7.1,48.0,summer,mothbeans
24,54,7.2,35.0,summer,mothbeans
29,61,9.9,65.7,summer,mothbeans
29,49,8.9,42.4,summer,mothbeans
28,61,8.6,70.1,summer,mothbeans
25,48,8.6,63.9,summer,mothbeans
26,46,5.8,38.5,summer,mothbeans
31,50,3.5,32.8,summer,mothbeans
27,88,7.2,54.7,rainy,mungbean
28,81,7.0,38.8,rainy,mungbean
27,84,6.6,55.3,rainy,mungbean
28,81,6.8,36.4,rainy,mungbean
30,87,6.9,44.8,rainy,mungbean
30,90,7.2,43.0,rainy,mungbean
29,83,6.9,56.5,rainy,mungbean
28,86,7.2,53.0,rainy,mungbean
30,88,7.0,41.8,rainy,mungbean
28,82,7.1,46.8,rainy,mungbean
30,87,7.2,59.9,rainy,mungbean
28,86,6.4,44.6,rainy,mungbean
28,82,6.4,44.0,rainy,mungbean
29,85,6.7,45.9,rainy,mungbean
30,86,6.6,37.5,rainy,mungbean
30,85,6.8,40.8,rainy,mungbean
28,80,6.9,42.8,rainy,mungbean
27,85,7.1,51.5,rainy,mungbean
27,84,6.9,49.1,rainy,mungbean
29,89,6.4,57.7,rainy,mungbean
29,88,6.5,43.1,rainy,mungbean
29,86,6.5,48.5,rainy,mungbean
30,80,6.5,56.8,rainy,mungbean
27,86,6.7,37.3,rainy,mungbean
29,82,6.5,56.5,rainy,mungbean
28,83,6.3,37.0,rainy,mungbean
28,86,6.9,50.5,rainy,mungbean
28,89,6.8,57.8,rainy,mungbean
29,88,6.8,44.6,rainy,mungbean
28,89,6.3,56.7,rainy,mungbean
29,82,6.7,59.9,rainy,mungbean
29,85,6.8,48.5,rainy,mungbean
28,88,7.1,48.6,rainy,mungbean
28,86,7.0,43.8,rainy,mungbean
29,87,7.2,36.9,rainy,mungbean
29,85,7.0,53.4,rainy,mungbean
29,89,6.2,50.5,rainy,mungbean
30,88,7.2,45.0,rainy,mungbean
28,87,6.4,58.4,rainy,mungbean
30,83,6.6,40.1,rainy,mungbean
27,89,7.0,51.1,rainy,mungbean
30,89,6.3,58.9,rainy,mungbean
28,83,6.4,56.0,rainy,mungbean
30,86,6.4,58.4,rainy,mungbean
30,90,6.9,55.0,rainy,mungbean
28,83,6.5,49.6,rainy,mungbean
28,90,7.1,52.8,rainy,mungbean
27,87,7.0,55.0,rainy,mungbean
28,82,6.2,54.6,rainy,mungbean
29,86,6.2,59.0,rainy,mungbean
28,85,7.1,52.9,rainy,mungbean
28,90,6.5,56.5,rainy,mungbean
27,85,6.6,53.2,rainy,mungbean
27,87,7.1,50.5,rainy,mungbean
28,86,6.4,39.2,rainy,mungbean
28,81,6.2,44.2,rainy,mungbean
28,90,6.6,45.5,rainy,mungbean
30,84,6.4,56.1,rainy,mungbean
30,86,6.4,41.4,rainy,mungbean
28,88,6.3,58.0,rainy,mungbean
29,88,7.0,43.2,rainy,mungbean
30,83,6.4,50.9,rainy,mungbean
27,87,7.2,43.8,rainy,mungbean
28,87,6.4,49.5,rainy,mungbean
29,88,7.1,36.5,rainy,mungbean
27,90,6.7,37.5,rainy,mungbean
29,87,6.6,53.8,rainy,mungbean
28,84,6.6,37.4,rainy,mungbean
30,80,7.1,54.8,rainy,mungbean
27,81,6.9,40.5,rainy,mungbean
29,89,7.1,50.9,rainy,mungbean
30,88,6.5,56.0,rainy,mungbean
28,83,6.7,58.2,rainy,mungbean
28,84,6.6,48.9,rainy,mungbean
29,82,6.9,42.0,rainy,mungbean
28,88,6.5,43.1,rainy,mungbean
28,86,6.6,39.3,rainy,mungbean
29,86,6.9,50.0,rainy,mungbean
29,87,6.4,51.5,rainy,mungbean
29,86,6.4,53.4,rainy,mungbean
28,85,6.6,36.1,rainy,mungbean
28,80,6.8,38.1,rainy,mungbean
29,80,6.7,40.2,rainy,mungbean
30,80,6.7,50.7,rainy,mungbean
29,84,6.6,44.0,rainy,mungbean
27,89,6.7,58.3,rainy,mungbean
28,85,7.0,43.3,rainy,mungbean
29,82,6.9,44.5,rainy,mungbean
29,84,6.8,59.8,rainy,mungbean
28,87,7.2,43.5,rainy,mungbean
29,89,6.3,49.5,rainy,mungbean
29,89,6.7,48.3,rainy,mungbean
29,84,6.7,41.0,rainy,mungbean
28,88,6.6,43.1,rainy,mungbean
29,80,6.7,44.3,rainy,mungbean
29,89,7.1,58.5,rainy,mungbean
28,84,6.9,43.3,rainy,mungbean
28,84,6.8,37.2,rainy,mungbean
29,87,7.0,56.1,rainy,mungbean
28,83,6.3,52.6,rainy,mungbean
29,63,7.5,71.9,winter,blackgram
27,68,7.0,67.2,winter,blackgram
26,62,7.4,70.2,winter,blackgram
34,67,6.5,73.2,winter,blackgram
28,65,6.8,72.5,winter,blackgram
29,65,7.6,62.3,winter,blackgram
34,64,7.7,66.9,winter,blackgram
34,62,6.6,68.0,winter,blackgram
33,69,7.5,73.7,winter,blackgram
27,63,6.5,73.8,winter,blackgram
26,61,7.2,69.3,winter,blackgram
32,67,7.6,64.6,winter,blackgram
30,68,6.9,67.5,winter,blackgram
31,69,7.7,66.6,winter,blackgram
28,64,6.7,70.9,winter,blackgram
30,69,6.7,67.1,winter,blackgram
32,63,7.3,69.0,winter,blackgram
28,63,7.6,69.8,winter,blackgram
33,65,7.7,71.5,winter,blackgram
29,65,7.4,61.9,winter,blackgram
28,68,6.9,74.0,winter,blackgram
28,60,7.2,74.9,winter,blackgram
28,69,7.1,71.8,winter,blackgram
30,68,6.7,63.0,winter,blackgram
27,69,6.7,61.2,winter,blackgram
30,62,6.6,65.6,winter,blackgram
29,62,7.1,63.5,winter,blackgram
25,67,7.5,65.8,winter,blackgram
35,65,7.2,70.1,winter,blackgram
25,68,6.9,74.6,winter,blackgram
32,64,7.4,65.8,winter,blackgram
34,69,6.9,69.2,winter,blackgram
25,60,6.6,70.9,winter,blackgram
32,69,7.3,61.5,winter,blackgram
35,64,7.0,64.7,winter,blackgram
32,69,7.2,62.3,winter,blackgram
27,67,6.9,69.9,winter,blackgram
26,68,7.5,73.6,winter,blackgram
30,60,7.2,66.4,winter,blackgram
32,68,7.1,74.9,winter,blackgram
30,69,6.8,65.7,winter,blackgram
27,68,7.4,60.5,winter,blackgram
35,61,7.7,72.4,winter,blackgram
33,63,6.6,63.6,winter,blackgram
29,63,6.7,70.3,winter,blackgram
31,63,6.5,71.5,winter,blackgram
26,64,7.7,63.2,winter,blackgram
34,70,6.6,70.3,winter,blackgram
35,63,7.4,60.4,winter,blackgram
29,65,7.5,72.2,winter,blackgram
29,68,7.2,67.8,winter,blackgram
29,66,6.6,70.1,winter,blackgram
28,69,7.1,69.4,winter,blackgram
33,69,6.7,62.3,winter,blackgram
34,70,7.4,61.2,winter,blackgram
30,60,6.6,71.7,winter,blackgram
30,66,7.5,69.4,winter,blackgram
27,68,7.8,68.9,winter,blackgram
31,64,7.3,63.9,winter,blackgram
32,67,7.6,61.7,winter,blackgram
29,64,7.1,67.5,winter,blackgram
29,64,7.4,65.2,winter,blackgram
28,62,7.4,74.2,winter,blackgram
28,64,6.5,69.5,winter,blackgram
31,61,7.2,71.4,winter,blackgram
25,61,7.3,68.6,winter,blackgram
33,60,7.6,73.4,winter,blackgram
34,67,7.5,67.3,winter,blackgram
33,68,7.3,73.4,winter,blackgram
27,63,6.5,69.5,winter,blackgram
26,70,7.1,74.6,winter,blackgram
30,64,7.6,71.2,winter,blackgram
28,68,7.4,64.3,winter,blackgram
28,61,7.5,63.3,winter,blackgram
29,64,7.0,69.7,winter,blackgram
27,62,6.8,63.5,winter,blackgram
33,69,7.2,64.1,winter,blackgram
26,65,7.3,63.5,winter,blackgram
30,63,6.6,63.0,winter,blackgram
27,67,6.7,72.5,winter,blackgram
34,65,7.7,70.4,winter,blackgram
31,64,7.4,62.8,winter,blackgram
29,61,6.6,73.4,winter,blackgram
27,66,7.0,62.3,winter,blackgram
29,67,7.4,62.3,winter,blackgram
26,64,7.0,64.4,winter,blackgram
33,66,6.8,68.8,winter,blackgram
30,66,7.4,71.2,winter,blackgram
33,63,6.8,65.5,winter,blackgram
32,67,7.2,74.2,winter,blackgram
30,66,7.0,71.6,winter,blackgram
29,66,7.4,62.8,winter,blackgram
30,68,7.3,66.5,winter,blackgram
32,60,6.5,66.7,winter,blackgram
30,64,6.9,74.2,winter,blackgram
33,66,6.9,64.9,winter,blackgram
31,63,7.8,64.8,winter,blackgram
28,63,6.8,68.6,winter,blackgram
33,61,7.3,61.8,winter,blackgram
33,68,7.5,63.4,winter,blackgram
28,63,7.6,43.4,rainy,lentil
19,63,7.7,46.8,rainy,lentil
30,61,7.5,46.8,rainy,lentil
21,70,6.6,46.6,rainy,lentil
26,69,7.3,46.1,rainy,lentil
22,62,6.4,53.5,rainy,lentil
27,61,7.8,50.9,rainy,lentil
27,66,6.1,50.9,rainy,lentil
19,63,6.6,36.5,rainy,lentil
29,69,7.3,35.2,rainy,lentil
26,60,6.1,49.1,rainy,lentil
24,62,6.7,52.6,rainy,lentil
29,63,7.3,43.0,rainy,lentil
28,62,7.8,49.0,rainy,lentil
21,63,5.9,41.8,rainy,lentil
21,63,6.4,38.7,rainy,lentil
24,62,7.4,49.8,rainy,lentil
25,66,7.7,51.9,rainy,lentil
29,64,7.5,54.9,rainy,lentil
20,69,6.9,50.9,rainy,lentil
29,68,7.4,44.9,rainy,lentil
18,70,7.6,49.4,rainy,lentil
27,63,7.3,44.4,rainy,lentil
25,60,6.8,48.8,rainy,lentil
30,67,7.5,40.4,rainy,lentil
26,68,6.3,47.9,rainy,lentil
20,66,7.1,46.1,rainy,lentil
23,67,7.7,54.5,rainy,lentil
25,67,7.4,49.0,rainy,lentil
28,62,7.8,53.1,rainy,lentil
18,69,6.3,48.6,rainy,lentil
24,61,6.9,53.1,rainy,lentil
21,66,7.3,45.4,rainy,lentil
19,63,6.3,44.1,rainy,lentil
25,61,7.2,49.4,rainy,lentil
25,69,7.7,41.0,rainy,lentil
29,70,6.9,44.1,rainy,lentil
27,64,6.2,49.5,rainy,lentil
28,60,6.2,45.4,rainy,lentil
27,62,6.9,37.8,rainy,lentil
18,68,7.0,48.8,rainy,lentil
28,69,7.0,42.7,rainy,lentil
23,63,5.9,45.4,rainy,lentil
21,64,7.2,52.4,rainy,lentil
24,68,6.5,49.7,rainy,lentil
23,65,6.2,38.3,rainy,lentil
22,65,7.5,35.8,rainy,lentil
30,66,7.0,45.0,rainy,lentil
25,67,7.0,48.3,rainy,lentil
25,69,6.5,35.0,rainy,lentil
24,61,6.5,44.2,rainy,lentil
23,67,7.1,36.2,rainy,lentil
22,63,6.8,50.4,rainy,lentil
28,63,5.9,54.4,rainy,lentil
24,63,6.7,47.3,rainy,lentil
25,67,6.4,38.2,rainy,lentil
28,69,6.3,35.4,rainy,lentil
26,70,7.4,37.1,rainy,lentil
28,64,7.5,37.2,rainy,lentil
25,64,7.2,48.3,rainy,lentil
24,62,7.0,53.4,rainy,lentil
20,68,6.7,42.9,rainy,lentil
20,61,6.7,41.8,rainy,lentil
30,66,6.5,35.7,rainy,lentil
28,61,6.6,48.1,rainy,lentil
26,63,6.6,45.5,rainy,lentil
20,60,6.9,53.3,rainy,lentil
25,60,7.4,39.2,rainy,lentil
25,61,7.1,42.2,rainy,lentil
28,63,7.7,37.5,rainy,lentil
18,65,6.3,51.5,rainy,lentil
18,62,6.1,50.6,rainy,lentil
24,68,6.8,46.9,rainy,lentil
23,63,7.6,49.6,rainy,lentil
25,68,6.6,41.5,rainy,lentil
26,62,7.1,36.7,rainy,lentil
18,68,7.7,39.0,rainy,lentil
27,67,6.2,52.5,rainy,lentil
23,65,7.2,47.0,rainy,lentil
27,63,6.9,42.9,rainy,lentil
20,64,6.8,53.0,rainy,lentil
26,67,6.3,46.5,rainy,lentil
28,66,6.5,49.9,rainy,lentil
29,62,7.0,36.5,rainy,lentil
26,64,7.7,50.2,rainy,lentil
22,64,6.3,46.6,rainy,lentil
25,60,6.1,53.1,rainy,lentil
21,66,7.0,44.2,rainy,lentil
25,69,7.3,41.6,rainy,lentil
22,65,6.0,36.1,rainy,lentil
26,69,7.1,51.0,rainy,lentil
30,69,6.6,51.6,rainy,lentil
28,63,7.3,45.2,rainy,lentil
28,69,7.3,46.1,rainy,lentil
21,64,6.4,47.9,rainy,lentil
23,60,7.0,52.6,rainy,lentil
22,64,6.3,38.1,rainy,lentil
26,68,7.6,40.8,rainy,lentil
21,64,7.6,53.1,rainy,lentil
24,66,7.8,40.7,rainy,lentil
23,64,5.7,87.8,winter,maize
26,72,6.9,102.3,winter,maize
24,72,6.7,66.7,winter,maize
20,58,6.6,60.7,winter,maize
18,63,6.0,65.4,winter,maize
22,58,6.2,102.1,winter,maize
26,67,6.0,105.5,winter,maize
25,67,5.9,78.1,winter,maize
20,63,5.9,65.3,winter,maize
25,67,5.8,109.2,winter,maize
23,73,5.9,94.3,winter,maize
25,68,6.5,74.1,winter,maize
22,59,7.0,63.9,winter,maize
19,66,6.1,94.8,winter,maize
25,60,5.9,72.1,winter,maize
18,55,6.2,63.7,winter,maize
25,70,6.6,104.2,winter,maize
25,65,6.0,76.7,winter,maize
23,60,6.0,65.5,winter,maize
18,63,6.3,84.2,winter,maize
25,74,6.6,79.7,winter,maize
18,71,5.6,88.1,winter,maize
18,67,6.8,81.0,winter,maize
19,59,5.7,79.8,winter,maize
26,67,5.5,74.5,winter,maize
25,68,6.6,96.5,winter,maize
24,57,5.9,102.8,winter,maize
22,72,5.9,102.5,winter,maize
23,63,5.6,70.4,winter,maize
26,63,6.6,108.8,winter,maize
21,63,6.2,65.9,winter,maize
19,56,6.6,91.0,winter,maize
23,68,6.5,64.4,winter,maize
23,62,5.7,63.0,winter,maize
25,66,6.6,87.9,winter,maize
26,74,6.5,107.5,winter,maize
19,62,5.7,61.0,winter,maize
22,60,6.8,109.8,winter,maize
24,75,6.3,91.8,winter,maize
19,75,6.1,94.3,winter,maize
24,73,6.2,71.1,winter,maize
25,70,5.7,76.7,winter,maize
22,60,6.4,69.2,winter,maize
25,57,6.0,101.7,winter,maize
22,73,6.8,106.6,winter,maize
21,69,6.5,66.3,winter,maize
25,69,6.3,91.3,winter,maize
20,56,6.7,109.0,winter,maize
26,62,6.3,99.6,winter,maize
19,65,6.8,71.3,winter,maize
21,65,6.7,78.3,winter,maize
25,57,6.6,88.5,winter,maize
20,64,6.4,62.5,winter,maize
18,64,6.5,76.4,winter,maize
23,62,5.9,107.3,winter,maize
20,61,5.7,100.8,winter,maize
22,62,5.9,107.3,winter,maize
23,57,5.8,101.6,winter,maize
19,69,6.7,80.7,winter,maize
22,65,6.3,83.7,winter,maize
24,59,5.7,90.0,winter,maize
19,69,5.8,88.1,winter,maize
24,61,5.6,64.8,winter,maize
27,73,5.8,73.3,winter,maize
19,70,5.8,83.2,winter,maize
21,59,6.9,103.7,winter,maize
19,68,6.2,84.2,winter,maize
25,74,6.6,96.6,winter,maize
22,60,5.8,68.0,winter,maize
26,61,7.0,83.2,winter,maize
19,68,6.1,87.9,winter,maize
22,60,6.7,95.7,winter,maize
21,59,5.6,67.6,winter,maize
23,74,5.9,97.6,winter,maize
24,56,7.0,64.2,winter,maize
25,66,5.7,75.8,winter,maize
23,66,6.8,88.2,winter,maize
18,61,5.5,104.2,winter,maize
23,72,5.8,67.1,winter,maize
23,72,6.4,67.7,winter,maize
26,69,6.8,103.2,winter,maize
26,66,6.7,107.2,winter,maize
19,62,6.1,75.0,winter,maize
25,56,5.8,78.2,winter,maize
23,59,6.5,105.0,winter,maize
25,66,6.5,62.5,winter,maize
25,73,6.6,107.9,winter,maize
25,63,6.3,74.5,winter,maize
25,68,6.5,62.9,winter,maize
19,72,5.7,69.9,winter,maize
20,64,6.6,108.5,winter,maize
18,73,6.4,79.0,winter,maize
26,72,6.2,79.8,winter,maize
19,61,6.7,93.6,winter,maize
26,59,6.2,85.8,winter,maize
19,73,6.2,82.3,winter,maize
23,63,6.4,108.8,winter,maize
19,62,6.4,70.2,winter,maize
20,60,6.4,65.5,winter,maize
26,71,6.9,98.7,winter,maize
26,81,6.3,53.7,summer,watermelon
25,83,6.8,46.9,summer,watermelon
25,82,6.4,57.0,summer,watermelon
25,88,6.6,58.0,summer,watermelon
27,81,6.9,41.9,summer,watermelon
25,89,6.1,49.1,summer,watermelon
26,89,6.5,57.8,summer,watermelon
26,90,6.8,59.5,summer,watermelon
26,85,6.5,54.6,summer,watermelon
24,90,6.0,44.1,summer,watermelon
26,80,6.1,57.7,summer,watermelon
24,84,6.4,53.8,summer,watermelon
26,83,6.9,57.6,summer,watermelon
27,84,6.3,40.8,summer,watermelon
26,80,6.2,43.1,summer,watermelon
26,84,6.7,44.2,summer,watermelon
27,90,6.5,57.7,summer,watermelon
25,90,6.8,57.4,summer,watermelon
27,88,6.4,58.8,summer,watermelon
25,80,6.2,44.2,summer,watermelon
26,88,6.4,59.7,summer,watermelon
25,87,6.2,49.5,summer,watermelon
26,84,6.8,56.5,summer,watermelon
25,88,6.6,40.1,summer,watermelon
26,88,6.7,46.1,summer,watermelon
26,89,6.0,46.9,summer,watermelon
24,81,6.8,48.3,summer,watermelon
25,81,6.7,57.2,summer,watermelon
25,85,6.7,55.3,summer,watermelon
25,89,6.1,48.5,summer,watermelon
24,84,6.5,48.0,summer,watermelon
26,82,6.4,54.8,summer,watermelon
24,84,6.4,57.3,summer,watermelon
24,85,6.6,51.2,summer,watermelon
26,87,6.3,49.4,summer,watermelon
26,87,6.1,53.3,summer,watermelon
26,85,6.0,44.4,summer,watermelon
27,82,6.8,54.3,summer,watermelon
27,88,6.6,46.1,summer,watermelon
26,81,6.9,48.5,summer,watermelon
26,80,6.9,56.5,summer,watermelon
25,89,6.5,43.5,summer,watermelon
26,83,6.9,42.1,summer,watermelon
27,90,6.9,57.4,summer,watermelon
24,82,6.9,51.8,summer,watermelon
25,83,6.2,57.1,summer,watermelon
26,88,6.3,58.5,summer,watermelon
27,88,6.4,55.7,summer,watermelon
25,80,6.9,55.5,summer,watermelon
25,83,6.2,49.3,summer,watermelon
26,81,6.1,49.1,summer,watermelon
25,81,6.3,50.6,summer,watermelon
26,81,6.3,54.7,summer,watermelon
27,87,6.9,51.7,summer,watermelon
24,87,6.1,48.1,summer,watermelon
24,88,6.5,51.3,summer,watermelon
24,86,6.7,48.6,summer,watermelon
26,89,6.1,54.2,summer,watermelon
25,83,6.4,56.4,summer,watermelon
25,86,6.1,51.7,summer,watermelon
25,83,6.8,56.3,summer,watermelon
24,87,6.5,44.6,summer,watermelon
26,89,6.3,46.1,summer,watermelon
26,89,6.8,45.2,summer,watermelon
24,89,6.6,40.3,summer,watermelon
24,81,6.1,44.2,summer,watermelon
24,83,6.7,54.8,summer,watermelon
25,85,6.3,48.3,summer,watermelon
25,86,6.2,53.1,summer,watermelon
25,81,6.3,49.5,summer,watermelon
26,86,6.8,59.0,summer,watermelon
25,87,6.7,46.6,summer,watermelon
25,89,6.4,59.7,summer,watermelon
27,87,6.8,42.9,summer,watermelon
27,86,6.7,59.8,summer,watermelon
26,87,6.7,41.2,summer,watermelon
27,81,6.9,51.5,summer,watermelon
26,81,6.5,47.8,summer,watermelon
26,84,6.5,50.8,summer,watermelon
27,84,6.1,40.2,summer,watermelon
26,84,6.3,43.9,summer,watermelon
25,85,6.2,48.8,summer,watermelon
26,84,6.8,44.2,summer,watermelon
25,88,6.5,57.5,summer,watermelon
26,87,6.0,40.7,summer,watermelon
25,88,6.6,59.3,summer,watermelon
26,87,7.0,54.4,summer,watermelon
26,83,6.3,46.8,summer,watermelon
27,88,6.7,47.5,summer,watermelon
25,86,6.9,56.7,summer,watermelon
25,86,6.4,49.0,summer,watermelon
25,85,6.2,42.0,summer,watermelon
26,82,6.3,54.5,summer,watermelon
27,84,6.6,56.3,summer,watermelon
25,80,6.9,47.7,summer,watermelon
25,90,6.8,58.3,summer,watermelon
27,85,6.2,48.3,summer,watermelon
25,84,6.9,41.5,summer,watermelon
27,84,6.5,44.0,summer,watermelon
27,89,6.3,58.5,summer,watermelon
28,94,6.8,28.1,summer,muskmelon
28,93,6.5,26.3,summer,muskmelon
29,94,6.8,22.5,summer,muskmelon
28,91,6.6,20.8,summer,muskmelon
30,95,6.1,28.2,summer,muskmelon
30,93,6.1,26.3,summer,muskmelon
29,92,6.3,21.3,summer,muskmelon
29,90,6.1,25.9,summer,muskmelon
28,90,6.7,25.2,summer,muskmelon
29,94,6.2,26.2,summer,muskmelon
29,92,6.0,29.9,summer,muskmelon
29,91,6.0,29.1,summer,muskmelon
29,91,6.7,25.3,summer,muskmelon
28,95,6.5,21.1,summer,muskmelon
28,90,6.2,21.6,summer,muskmelon
28,91,6.2,20.9,summer,muskmelon
30,94,6.2,26.8,summer,muskmelon
27,92,6.1,21.3,summer,muskmelon
29,94,6.2,26.7,summer,muskmelon
30,93,6.6,29.1,summer,muskmelon
28,93,6.4,28.8,summer,muskmelon
29,94,6.1,23.7,summer,muskmelon
30,94,6.6,27.6,summer,muskmelon
29,92,6.1,28.0,summer,muskmelon
28,93,6.1,20.4,summer,muskmelon
29,92,6.4,24.5,summer,muskmelon
30,90,6.1,23.7,summer,muskmelon
30,90,6.1,22.7,summer,muskmelon
28,91,6.7,22.8,summer,muskmelon
29,93,6.1,28.7,summer,muskmelon
30,94,6.4,26.5,summer,muskmelon
29,91,6.4,23.4,summer,muskmelon
29,94,6.5,23.6,summer,muskmelon
29,91,6.1,29.4,summer,muskmelon
27,91,6.2,28.7,summer,muskmelon
30,91,6.6,25.4,summer,muskmelon
27,90,6.4,21.8,summer,muskmelon
30,91,6.7,28.4,summer,muskmelon
30,94,6.1,23.3,summer,muskmelon
29,92,6.2,25.1,summer,muskmelon
27,95,6.4,26.5,summer,muskmelon
28,92,6.7,26.5,summer,muskmelon
29,92,6.2,24.9,summer,muskmelon
28,91,6.3,21.2,summer,muskmelon
28,92,6.4,20.2,summer,muskmelon
29,94,6.0,22.2,summer,muskmelon
30,91,6.3,20.5,summer,muskmelon
30,93,6.2,22.0,summer,muskmelon
29,92,6.1,25.2,summer,muskmelon
27,91,6.1,23.5,summer,muskmelon
27,95,6.4,27.3,summer,muskmelon
29,95,6.2,26.3,summer,muskmelon
28,93,6.2,26.9,summer,muskmelon
29,92,6.8,21.9,summer,muskmelon
28,94,6.4,20.7,summer,muskmelon
29,92,6.7,20.8,summer,muskmelon
28,92,6.0,28.9,summer,muskmelon
29,91,6.4,26.0,summer,muskmelon
29,91,6.7,28.8,summer,muskmelon
27,90,6.7,24.5,summer,muskmelon
27,91,6.0,25.1,summer,muskmelon
30,91,6.4,22.8,summer,muskmelon
30,93,6.4,24.3,summer,muskmelon
30,94,6.3,20.4,summer,muskmelon
28,91,6.3,21.2,summer,muskmelon
30,94,6.1,21.0,summer,muskmelon
28,93,6.2,22.1,summer,muskmelon
30,95,6.3,27.9,summer,muskmelon
29,93,6.2,27.6,summer,muskmelon
29,90,6.6,26.0,summer,muskmelon
28,95,6.7,21.0,summer,muskmelon
28,95,6.3,21.8,summer,muskmelon
29,93,6.4,24.2,summer,muskmelon
29,92,6.1,26.9,summer,muskmelon
27,93,6.8,25.3,summer,muskmelon
28,91,6.6,21.6,summer,muskmelon
28,91,6.5,24.1,summer,muskmelon
29,91,6.6,22.3,summer,muskmelon
29,92,6.2,24.4,summer,muskmelon
29,94,6.0,22.1,summer,muskmelon
29,90,6.5,21.4,summer,muskmelon
29,92,6.3,28.8,summer,muskmelon
29,93,6.2,29.1,summer,muskmelon
29,91,6.4,23.2,summer,muskmelon
28,92,6.5,23.3,summer,muskmelon
28,92,6.4,24.8,summer,muskmelon
30,91,6.2,24.7,summer,muskmelon
29,90,6.2,27.3,summer,muskmelon
29,91,6.7,26.5,summer,muskmelon
28,93,6.5,27.1,summer,muskmelon
28,92,6.7,20.8,summer,muskmelon
27,94,6.1,27.2,summer,muskmelon
29,95,6.4,28.2,summer,muskmelon
29,94,6.4,29.0,summer,muskmelon
27,91,6.4,25.1,summer,muskmelon
30,95,6.7,21.1,summer,muskmelon
29,93,6.6,24.2,summer,muskmelon
29,95,6.3,23.0,summer,muskmelon
27,91,6.4,23.7,summer,muskmelon
29,92,6.6,24.7,summer,muskmelon
24,79,7.2,90.8,winter,cotton
23,85,6.9,71.3,winter,cotton
24,77,7.6,90.8,winter,cotton
25,76,6.8,89.8,winter,cotton
25,84,6.2,88.4,winter,cotton
25,82,6.6,78.6,winter,cotton
25,81,7.3,96.3,winter,cotton
22,81,6.4,64.2,winter,cotton
24,79,7.7,72.5,winter,cotton
25,79,5.9,71.9,winter,cotton
23,84,7.2,71.8,winter,cotton
24,84,6.2,79.8,winter,cotton
24,76,6.0,69.9,winter,cotton
25,85,6.3,89.8,winter,cotton
24,84,6.2,90.9,winter,cotton
24,82,7.1,64.0,winter,cotton
23,82,6.7,86.8,winter,cotton
24,76,6.4,69.1,winter,cotton
25,78,7.5,86.1,winter,cotton
26,77,7.4,89.1,winter,cotton
24,82,7.4,99.4,winter,cotton
26,81,6.7,78.6,winter,cotton
22,85,6.1,86.0,winter,cotton
22,85,7.3,93.5,winter,cotton
25,82,8.0,95.0,winter,cotton
24,77,6.2,87.5,winter,cotton
23,83,6.6,81.5,winter,cotton
25,80,7.3,67.1,winter,cotton
25,83,5.9,86.6,winter,cotton
23,78,7.2,64.6,winter,cotton
23,77,8.0,71.7,winter,cotton
25,78,6.0,79.6,winter,cotton
24,85,6.8,80.4,winter,cotton
25,79,7.4,97.1,winter,cotton
24,84,6.5,88.5,winter,cotton
26,84,7.2,88.9,winter,cotton
22,79,7.4,90.4,winter,cotton
24,78,6.1,81.0,winter,cotton
24,78,6.4,84.6,winter,cotton
25,76,6.3,61.8,winter,cotton
24,85,6.9,65.0,winter,cotton
24,81,7.8,90.4,winter,cotton
24,85,6.5,81.1,winter,cotton
26,81,7.6,99.9,winter,cotton
25,76,7.0,91.9,winter,cotton
23,77,7.2,75.1,winter,cotton
24,76,6.8,90.5,winter,cotton
23,76,7.4,78.8,winter,cotton
25,81,6.9,80.0,winter,cotton
25,80,7.9,84.6,winter,cotton
23,77,6.0,77.6,winter,cotton
22,76,7.4,86.8,winter,cotton
23,76,6.5,70.7,winter,cotton
25,76,6.2,62.6,winter,cotton
23,82,6.4,66.5,winter,cotton
23,84,7.0,91.6,winter,cotton
24,76,7.9,84.1,winter,cotton
24,81,6.3,98.6,winter,cotton
23,75,6.1,67.1,winter,cotton
26,81,6.8,95.4,winter,cotton
25,82,7.4,83.5,winter,cotton
22,82,6.7,65.5,winter,cotton
26,75,7.6,91.4,winter,cotton
26,78,6.5,66.2,winter,cotton
22,83,7.1,60.7,winter,cotton
25,83,6.5,93.5,winter,cotton
22,76,6.1,70.4,winter,cotton
24,77,8.0,76.1,winter,cotton
25,77,7.5,62.5,winter,cotton
24,83,7.8,66.3,winter,cotton
24,77,6.4,61.9,winter,cotton
25,78,5.9,72.8,winter,cotton
23,80,6.1,88.6,winter,cotton
23,79,6.0,99.8,winter,cotton
23,80,7.6,90.1,winter,cotton
24,84,6.7,71.0,winter,cotton
25,82,6.2,76.9,winter,cotton
26,82,7.3,74.1,winter,cotton
26,80,5.8,99.4,winter,cotton
24,82,6.8,60.8,winter,cotton
23,76,7.0,90.6,winter,cotton
24,77,8.0,80.1,winter,cotton
23,77,6.6,97.8,winter,cotton
25,78,8.0,85.2,winter,cotton
23,82,7.9,93.5,winter,cotton
26,78,6.7,78.6,winter,cotton
22,83,6.7,67.1,winter,cotton
25,79,7.8,69.3,winter,cotton
26,84,6.6,77.0,winter,cotton
22,75,7.5,71.9,winter,cotton
24,78,7.3,74.9,winter,cotton
22,82,7.8,92.2,winter,cotton
24,80,6.4,69.5,winter,cotton
23,83,7.6,92.9,winter,cotton
23,79,6.2,81.2,winter,cotton
22,79,6.4,74.9,winter,cotton
23,76,6.9,91.5,winter,cotton
25,75,7.8,63.9,winter,cotton
24,76,7.6,76.6,winter,cotton
22,84,7.3,65.4,winter,cotton
26,72,6.0,151.9,rainy,jute
27,83,6.0,161.2,rainy,jute
25,87,7.1,196.6,rainy,jute
26,88,6.2,175.6,rainy,jute
24,72,6.1,190.4,rainy,jute
25,72,6.3,190.6,rainy,jute
23,85,6.7,185.7,rainy,jute
24,89,6.2,169.1,rainy,jute
26,75,7.3,182.3,rainy,jute
25,83,6.4,169.3,rainy,jute
25,72,7.3,150.2,rainy,jute
26,88,6.0,189.4,rainy,jute
23,75,6.3,199.8,rainy,jute
25,89,7.0,151.5,rainy,jute
25,71,7.3,195.9,rainy,jute
24,79,7.0,164.3,rainy,jute
23,71,7.5,164.5,rainy,jute
26,82,6.6,192.0,rainy,jute
27,78,6.2,169.8,rainy,jute
24,75,6.7,181.3,rainy,jute
25,74,6.6,153.9,rainy,jute
23,73,7.1,174.8,rainy,jute
27,80,7.0,173.1,rainy,jute
23,75,7.4,151.9,rainy,jute
24,78,6.2,185.0,rainy,jute
24,90,6.6,197.1,rainy,jute
26,81,6.4,174.5,rainy,jute
25,84,6.7,168.8,rainy,jute
25,76,6.1,183.8,rainy,jute
26,82,6.7,180.1,rainy,jute
24,79,6.2,186.2,rainy,jute
24,88,6.3,150.3,rainy,jute
25,79,7.2,162.3,rainy,jute
23,74,7.4,199.5,rainy,jute
24,71,6.8,184.5,rainy,jute
25,86,6.3,159.6,rainy,jute
24,83,6.1,167.7,rainy,jute
23,81,6.1,196.7,rainy,jute
24,83,7.5,166.1,rainy,jute
24,71,6.5,153.6,rainy,jute
25,74,6.6,175.6,rainy,jute
26,77,7.2,197.2,rainy,jute
25,77,7.2,196.5,rainy,jute
23,83,7.1,166.2,rainy,jute
25,87,6.5,179.2,rainy,jute
25,79,6.9,166.6,rainy,jute
26,80,7.1,150.6,rainy,jute
26,82,6.2,163.3,rainy,jute
26,73,6.7,186.7,rainy,jute
26,83,7.4,176.2,rainy,jute
25,74,6.1,168.0,rainy,jute
23,78,7.1,155.4,rainy,jute
26,82,6.4,193.2,rainy,jute
23,88,6.7,160.6,rainy,jute
26,80,7.1,182.3,rainy,jute
26,88,7.3,152.6,rainy,jute
27,81,6.4,181.3,rainy,jute
26,73,7.1,190.0,rainy,jute
27,73,7.0,177.2,rainy,jute
24,82,6.5,159.9,rainy,jute
26,79,7.2,187.2,rainy,jute
25,88,7.2,169.4,rainy,jute
25,76,7.3,188.6,rainy,jute
23,74,6.6,153.7,rainy,jute
24,82,6.1,167.1,rainy,jute
24,83,6.1,192.2,rainy,jute
26,84,7.4,154.8,rainy,jute
24,79,7.3,185.3,rainy,jute
24,75,7.2,192.5,rainy,jute
25,87,7.3,176.5,rainy,jute
25,79,6.8,195.8,rainy,jute
25,82,6.4,156.4,rainy,jute
23,77,6.5,157.1,rainy,jute
24,90,7.1,175.2,rainy,jute
27,78,6.3,154.8,rainy,jute
27,78,7.1,153.9,rainy,jute
25,81,6.7,169.9,rainy,jute
24,81,6.2,176.9,rainy,jute
23,86,6.5,176.1,rainy,jute
26,79,6.9,183.4,rainy,jute
24,71,7.1,160.1,rainy,jute
26,79,6.1,171.5,rainy,jute
26,71,6.4,193.1,rainy,jute
27,73,6.3,171.5,rainy,jute
27,77,7.3,157.9,rainy,jute
24,81,7.2,190.3,rainy,jute
27,87,6.1,153.0,rainy,jute
27,71,7.3,199.3,rainy,jute
23,80,6.6,187.3,rainy,jute
26,74,6.7,180.3,rainy,jute
24,74,6.0,172.6,rainy,jute
25,76,6.7,193.7,rainy,jute
23,74,6.4,184.8,rainy,jute
27,89,7.4,193.9,rainy,jute
24,86,7.0,150.2,rainy,jute
24,87,6.7,177.5,rainy,jute
24,88,6.9,154.7,rainy,jute
25,82,6.9,190.8,rainy,jute
24,82,6.8,191.0,rainy,jute
27,74,7.3,159.3,rainy,jute
